{
  "Personal": {
    "time": 1550476186479,
    "blocks": [
      {
        "id": "oUq2g_tl8y",
        "type": "header",
        "data": {
          "text": "Yashwanth Chandolu",
          "level": 2
        }
      },
      {
        "id": "zbGZFPM-iI",
        "type": "paragraph",
        "data": {
          "text": "this is my resume. Testing with changes"
        }
      }
    ]
  },
  "Education": {
    "time": 1550476156479,
    "blocks": [
      {
        "id": "oUq2g_tl8y",
        "type": "header",
        "data": {
          "text": "RNSIT",
          "level": 2
        }
      },
      {
        "id": "zbGZFPM-iI",
        "type": "paragraph",
        "data": {
          "text": "Pursued Engineering"
        }
      }
    ]
  }
}
